{
  "activeTickets": [],
  "handledTickets": [],
  "smartQueues": {
    "wpzBpynhmFsm2": {
      "waitingTime": 5017.658524119482,
      "handlingTime": 8121.807578665009,
      "total": { "count": 2, "noshowCount": 2 },
      "services": { "D5PXYsoNuD33": 2 }
    }
  },
  "services": { "D5PXYsoNuD33": 2 },
  "agents": { "cdb54dfb-d88c-45a6-9817-fabc729ec178": 2 },
  "waitingTime": 5017.658524119482,
  "handlingTime": 8121.807578665009
}
