{
  "smartQueues": {
    "XaD25rPCvp": {
      "waitingTime": 226861,
      "handlingTime": 15586.41128788523,
      "total": { "count": 7, "noshowCount": 1, "closedCount": 3 },
      "services": { "CLZfDXQMvV": 5, "qgD7GuauVd": 2 }
    },
    "htMbl8zDt3": {
      "waitingTime": 861916,
      "handlingTime": 210821.05442100504,
      "total": { "count": 81, "noshowCount": 26, "closedCount": 42 },
      "services": {
        "Bd9E33IRLR": 10,
        "PyMbBNsHP7": 54,
        "mM20G8iSR1": 3,
        "RAAlNhJmFd": 3,
        "9Hnq9Rw4zr": 5,
        "qgD7GuauVd": 5,
        "CLZfDXQMvV": 1
      }
    },
    "ie7svVpep4": {
      "waitingTime": 601612,
      "handlingTime": 38136.58398191583,
      "total": { "count": 12, "noshowCount": 1, "closedCount": 0 },
      "services": { "9Hnq9Rw4zr": 1, "mM20G8iSR1": 6, "RAAlNhJmFd": 5 }
    }
  },
  "services": {
    "CLZfDXQMvV": {
      "count": 6,
      "waitingTime": 151838,
      "handlingTime": 23725.551413973346
    },
    "qgD7GuauVd": {
      "count": 7,
      "waitingTime": 129598,
      "handlingTime": 14720.636239585816
    },
    "Bd9E33IRLR": {
      "count": 10,
      "waitingTime": 431507,
      "handlingTime": 26013.80328305781
    },
    "PyMbBNsHP7": {
      "count": 54,
      "waitingTime": 375834,
      "handlingTime": 137838.9891427952
    },
    "mM20G8iSR1": {
      "count": 9,
      "waitingTime": 328152,
      "handlingTime": 28899.08366301447
    },
    "RAAlNhJmFd": {
      "count": 8,
      "waitingTime": 273460,
      "handlingTime": 19345.622209607223
    },
    "9Hnq9Rw4zr": {
      "count": 6,
      "waitingTime": 0,
      "handlingTime": 10265.83696489912,
      "noShow": 2
    }
  },
  "agents": {
    "7e11c8f8-84da-4835-b0e4-26715baf3931": {
      "count": 65,
      "handlingTime": 163467.1031137407
    },
    "43f728dc-c8dd-4c7b-bc04-b8adca42215b": {
      "count": 19,
      "handlingTime": 49442.122661265814
    },
    "5f38e5d1-cb45-4a4e-9caf-6fd813728e38": {
      "count": 2,
      "handlingTime": 2432.655651541485
    },
    "RIGHTBOT": { "count": 1, "handlingTime": 2682.690533983267 },
    "7846a85c-dd88-4629-a5aa-fc205da5c727": {
      "count": 1,
      "handlingTime": 2254.84670173217
    }
  },
  "waitingTimeDistribution": {
    "lessThanTwo": [
      "ZF5ceGrCSB",
      "VSDmwZuAVS",
      "Sgf7cOVEYF",
      "7DG6UpFWYE",
      "BXJcE6cUfs",
      "i4t5Zq9cVi",
      "k8B9xTQJf4",
      "XKNv26gF9l",
      "5V1MjHPC3R",
      "l23pp54JPu",
      "Ix7OIqWeC9",
      "pyeH2NxvGY",
      "ohiLsgyDOg",
      "pMtBdulXPL",
      "luZ2YVKhAd",
      "4y53kT0Awv",
      "oKNA3aySC2",
      "tNQ5ZgF8jT",
      "LNXr5KP90d",
      "4gyMESQNVx",
      "JAgi1twDXz",
      "w4BKga1Jb1",
      "nRROE4wWuI"
    ],
    "lessThanFive": [
      "sl2D90jl16",
      "j98imlsAm1",
      "4DckW77ere",
      "lOYzkjzv8B",
      "lw5OOEVflv",
      "RWnBllwvjA",
      "AAEkH4LCuD",
      "QXZh53l4dC",
      "gdFrGip95d",
      "8hiOFFLnTQ",
      "5FiwbsuPyP",
      "BN60MuaJrJ",
      "lAHEHtKsdo",
      "O35t6ZCqDr",
      "MIaWn3Iu0m",
      "4d0QXn8VsA",
      "FBLcbRPdil",
      "6EDuYwcMrV",
      "tg7wsI7fHP",
      "36GVICY7s5",
      "zNd9BSQbxl",
      "pahHwHcfgD",
      "ZXK91bxpWQ",
      "KBcMBKyGq3",
      "OCtnCffeCT",
      "MqGuQytoHG",
      "AarBKrD0r4",
      "dBIfyGky5B",
      "MkaVIjEYEy",
      "dwvaa0J7ks",
      "t0VqAhyIXA",
      "ml9d29lVbD",
      "Kw9hpFx2nL",
      "034c22JjRq",
      "040EQ1NGkG",
      "8UKEsL6NPD",
      "f0gz7oSqNc",
      "Q0pRPMOQYT",
      "IEpaVesNnA",
      "9dcrH3B30c",
      "uYNYvXDXyF",
      "BO90YKVnEb",
      "VQBzg6ZYQf",
      "mEjb0GpBhY",
      "K6hB7iHysp"
    ],
    "lessThanTen": [
      "gci0TwFlCS",
      "7MPcAvm3Xh",
      "yieCfPTLpt",
      "yPhlAZlKmP",
      "s4mJcfjevp"
    ],
    "lessThanFifteen": [],
    "lessThanThirty": [],
    "moreThanThirty": []
  },
  "serviceTimeDistribution": {
    "lessThanTwo": [
      "ZF5ceGrCSB",
      "VSDmwZuAVS",
      "j98imlsAm1",
      "lOYzkjzv8B",
      "lw5OOEVflv",
      "RWnBllwvjA",
      "BXJcE6cUfs",
      "QXZh53l4dC",
      "gdFrGip95d",
      "8hiOFFLnTQ",
      "lAHEHtKsdo",
      "XKNv26gF9l",
      "O35t6ZCqDr",
      "5V1MjHPC3R",
      "7MPcAvm3Xh",
      "yieCfPTLpt",
      "l23pp54JPu",
      "pyeH2NxvGY",
      "FBLcbRPdil",
      "ohiLsgyDOg",
      "pMtBdulXPL",
      "luZ2YVKhAd",
      "4y53kT0Awv",
      "ZXK91bxpWQ",
      "oKNA3aySC2",
      "KBcMBKyGq3",
      "OCtnCffeCT",
      "MqGuQytoHG",
      "AarBKrD0r4",
      "dBIfyGky5B",
      "MkaVIjEYEy",
      "dwvaa0J7ks",
      "t0VqAhyIXA",
      "ml9d29lVbD",
      "Kw9hpFx2nL",
      "034c22JjRq",
      "f0gz7oSqNc",
      "w4BKga1Jb1",
      "nRROE4wWuI",
      "Q0pRPMOQYT",
      "IEpaVesNnA",
      "BO90YKVnEb",
      "VQBzg6ZYQf",
      "mEjb0GpBhY",
      "K6hB7iHysp"
    ],
    "lessThanFive": [],
    "lessThanTen": [],
    "lessThanFifteen": [],
    "lessThanThirty": [],
    "moreThanThirty": []
  },
  "waitingTime": 1690389,
  "handlingTime": 264544.0496908061
}
