{
  "smartQueues": {
    "XaD25rPCvp": {
      "waitingTime": 15484.450705332089,
      "handlingTime": 13064.25106340222,
      "total": { "count": 7, "noshowCount": 2, "closedCount": 3 },
      "services": { "CLZfDXQMvV": 5, "qgD7GuauVd": 2 }
    },
    "htMbl8zDt3": {
      "waitingTime": 204119.13058192446,
      "handlingTime": 213320.2233689067,
      "total": { "count": 81, "noshowCount": 26, "closedCount": 42 },
      "services": {
        "Bd9E33IRLR": 10,
        "PyMbBNsHP7": 54,
        "mM20G8iSR1": 3,
        "RAAlNhJmFd": 3,
        "9Hnq9Rw4zr": 5,
        "qgD7GuauVd": 5,
        "CLZfDXQMvV": 1
      }
    },
    "ie7svVpep4": {
      "waitingTime": 36978.70051438557,
      "handlingTime": 21635.81171266555,
      "total": { "count": 12, "noshowCount": 1, "closedCount": 0 },
      "services": { "9Hnq9Rw4zr": 1, "mM20G8iSR1": 6, "RAAlNhJmFd": 5 }
    }
  },
  "services": {
    "CLZfDXQMvV": {
      "count": 6,
      "waitingTime": 16689.103950250494,
      "handlingTime": 16665.516293494336
    },
    "qgD7GuauVd": {
      "count": 7,
      "waitingTime": 18335.79646402356,
      "handlingTime": 17097.57958917565
    },
    "Bd9E33IRLR": {
      "count": 10,
      "waitingTime": 20363.29802629484,
      "handlingTime": 29672.964533646074
    },
    "PyMbBNsHP7": {
      "count": 54,
      "waitingTime": 123972.7716561793,
      "handlingTime": 159995.14671374863
    },
    "mM20G8iSR1": {
      "count": 9,
      "waitingTime": 25740.99209075829,
      "handlingTime": 22475.085697558607
    },
    "RAAlNhJmFd": {
      "count": 8,
      "waitingTime": 26042.759553828884,
      "handlingTime": 7238.637149573436
    },
    "9Hnq9Rw4zr": {
      "count": 6,
      "waitingTime": 13846.527069830729,
      "handlingTime": 14339.202408745548,
      "noShow": 2
    }
  },
  "agents": {
    "7e11c8f8-84da-4835-b0e4-26715baf3931": {
      "count": 65,
      "handlingTime": 176478.72638169077
    },
    "43f728dc-c8dd-4c7b-bc04-b8adca42215b": {
      "count": 19,
      "handlingTime": 63330.52264689225
    },
    "5f38e5d1-cb45-4a4e-9caf-6fd813728e38": {
      "count": 2,
      "handlingTime": 2918.611417003919
    },
    "RIGHTBOT": { "count": 1, "handlingTime": 627.9785334862223 },
    "7846a85c-dd88-4629-a5aa-fc205da5c727": {
      "count": 1,
      "handlingTime": 1606.646752279502
    }
  },
  "waitingTimeDistribution": {
    "lessThanTwo": [
      "sl2D90jl16",
      "VSDmwZuAVS",
      "lw5OOEVflv",
      "Sgf7cOVEYF",
      "AAEkH4LCuD",
      "gdFrGip95d",
      "k8B9xTQJf4",
      "5V1MjHPC3R",
      "MIaWn3Iu0m",
      "l23pp54JPu",
      "Ix7OIqWeC9",
      "6EDuYwcMrV",
      "yPhlAZlKmP",
      "ZXK91bxpWQ",
      "KBcMBKyGq3",
      "MkaVIjEYEy",
      "ml9d29lVbD",
      "Kw9hpFx2nL",
      "LNXr5KP90d",
      "JAgi1twDXz",
      "w4BKga1Jb1",
      "nRROE4wWuI",
      "BO90YKVnEb"
    ],
    "lessThanFive": [
      "NycWXaMHkM",
      "ZF5ceGrCSB",
      "j98imlsAm1",
      "gci0TwFlCS",
      "4DckW77ere",
      "lOYzkjzv8B",
      "RWnBllwvjA",
      "7DG6UpFWYE",
      "BXJcE6cUfs",
      "QXZh53l4dC",
      "8hiOFFLnTQ",
      "i4t5Zq9cVi",
      "5FiwbsuPyP",
      "lAHEHtKsdo",
      "XKNv26gF9l",
      "O35t6ZCqDr",
      "7MPcAvm3Xh",
      "yieCfPTLpt",
      "4d0QXn8VsA",
      "pyeH2NxvGY",
      "FBLcbRPdil",
      "tg7wsI7fHP",
      "36GVICY7s5",
      "ohiLsgyDOg",
      "pMtBdulXPL",
      "luZ2YVKhAd",
      "zNd9BSQbxl",
      "4y53kT0Awv",
      "oKNA3aySC2",
      "OCtnCffeCT",
      "MqGuQytoHG",
      "AarBKrD0r4",
      "dBIfyGky5B",
      "dwvaa0J7ks",
      "t0VqAhyIXA",
      "tNQ5ZgF8jT",
      "034c22JjRq",
      "040EQ1NGkG",
      "s4mJcfjevp",
      "4gyMESQNVx",
      "8UKEsL6NPD",
      "f0gz7oSqNc",
      "9dcrH3B30c",
      "uYNYvXDXyF",
      "VQBzg6ZYQf",
      "mEjb0GpBhY",
      "K6hB7iHysp",
      null
    ],
    "lessThanTen": ["BN60MuaJrJ", "pahHwHcfgD", "Q0pRPMOQYT", "IEpaVesNnA"],
    "lessThanFifteen": [],
    "lessThanThirty": [],
    "moreThanThirty": []
  },
  "serviceTimeDistribution": {
    "lessThanTwo": [
      "ZF5ceGrCSB",
      "52nHlEde0B",
      "SIEJu6OpNc",
      "oFAPq1M1MJ",
      "YEO7gdCQkx",
      "tDyaUKJ1FL",
      "gdFrGip95d",
      "XKNv26gF9l",
      "5V1MjHPC3R",
      "yieCfPTLpt",
      "l23pp54JPu",
      "nUZaeyUThG",
      "4y53kT0Awv",
      "t0VqAhyIXA",
      "Hu6Ii5ZtLe",
      "034c22JjRq",
      "nRROE4wWuI",
      "rCLCX8wJdI",
      "K6hB7iHysp",
      null
    ],
    "lessThanFive": [
      "VSDmwZuAVS",
      "j98imlsAm1",
      "J0c6LwR9je",
      "lOYzkjzv8B",
      "lw5OOEVflv",
      "GNJ7b5Jaav",
      "RWnBllwvjA",
      "AcwWA8YdJE",
      "BXJcE6cUfs",
      "QXZh53l4dC",
      "8hiOFFLnTQ",
      "lAHEHtKsdo",
      "O35t6ZCqDr",
      "7MPcAvm3Xh",
      "pyeH2NxvGY",
      "FBLcbRPdil",
      "ohiLsgyDOg",
      "pMtBdulXPL",
      "luZ2YVKhAd",
      "ZXK91bxpWQ",
      "oKNA3aySC2",
      "KBcMBKyGq3",
      "MqGuQytoHG",
      "AarBKrD0r4",
      "dBIfyGky5B",
      "MkaVIjEYEy",
      "dwvaa0J7ks",
      "ml9d29lVbD",
      "nT0X3FaY5t",
      "Kw9hpFx2nL",
      "f0gz7oSqNc",
      "w4BKga1Jb1",
      "Q0pRPMOQYT",
      "IEpaVesNnA",
      "BO90YKVnEb",
      "VQBzg6ZYQf",
      "mEjb0GpBhY"
    ],
    "lessThanTen": ["OCtnCffeCT"],
    "lessThanFifteen": [],
    "lessThanThirty": [],
    "moreThanThirty": []
  },
  "waitingTime": 256582.28180164212,
  "handlingTime": 248020.28614497447
}
